Order Date,Title,Category,Website,Release Date,Condition,Seller,Seller Credentials,List Price Per Unit,Purchase Price Per Unit,Quantity,Payment Instrument Type,Purchase Order Number,PO Line Number,Shipment Date,Shipping Address State,Order Status,Item Subtotal,Item Subtotal Tax,Item Total,Tax Exemption Applied,Tax Exemption Type,Exemption Opt-Out,Currency,Group Name
,,,,,,,,,,,,,,,,,,,,,,,,
,,,,,,,,,,,,,,,,,,,,,,,,
2021-01-03,"Palmer's Cocoa Butter Formula Massage Lotion For Stretch Marks, Pregnancy Skin Care, 8.5 Ounces",SKIN_MOISTURIZER,Amazon.com,,new,Amazon.com,,$9.99,$5.19,1,CREDIT_CARD_A,,,1/5/21,NY,Shipped,$5.19,$0.46,$5.65,FALSE,,FALSE,USD,
,,,,,,,,,,,,,,,,,,,,,,,,
2021-01-07,"Baby Diapers Newborn/Size 1 (8-14 lb), 198 Count - Pampers Swaddlers, ONE MONTH SUPPLY (Packaging and Prints on Diapers May Vary)",INCONTINENCE_PROTECTOR,Amazon.com,,new,Amazon.com,,$49.99,$48.28,1,CREDIT_CARD_B,,,1/8/21,NY,Shipped,$48.28,$0.00,$48.28,,,,USD,
,,,,,,,,,,,,,,,,,,,,,,,,
2021-01-07,"Similac Pro-Advance Infant Formula with 2'-FL Human Milk Oligosaccharide (HMO) for Immune Support, Ready to Drink Bottles, 2 Fl Oz (48 Count)",HEALTH_PERSONAL_CARE,Amazon.com,,new,Amazon.com,,$51.99,$51.99,1,CREDIT_CARD_B,,,1/9/21,NY,Shipped,$51.99,$0.00,$51.99,,,,USD,
,,,,,,,,,,,,,,,,,,,,,,,,
2021-01-09,"Playtex Diaper Genie Carbon Filter, Ideal for Use with Diaper Genie Complete, Odor Eliminator",WASTE_BAG,Amazon.com,,new,Amazon.com,,$4.49,$4.49,1,CREDIT_CARD_B,,,1/9/21,NY,Shipped,$4.49,$0.40,$4.89,FALSE,,FALSE,USD,
,,,,,,,,,,,,,,,,,,,,,,,,
2021-01-09,"Playtex Diaper Genie Refill Bags, Ideal for Diaper Genie Diaper Pails, 270 Count (Pack of 3)",WASTE_BAG,Amazon.com,,new,Amazon.com,,$20.19,$18.00,1,CREDIT_CARD_B,,,1/10/21,NY,Shipped,$18.00,$1.60,$19.60,FALSE,,FALSE,USD,
,,,,,,,,,,,,,,,,,,,,,,,,
2021-01-09,"Baby Wipes, Pampers Sensitive Water Based Baby Diaper Wipes, Hypoallergenic and Unscented, 8 Refill Packs (Tub Not Included), 72 each, Pack of 8 (Packaging May Vary)",SKIN_CLEANING_WIPE,Amazon.com,,new,Amazon.com,,$19.99,$14.99,1,Gift Certificate/Card,,,1/10/21,NY,Shipped,$14.99,$1.24,$16.23,FALSE,,FALSE,USD,
,,,,,,,,,,,,,,,,,,,,,,,,
2021-01-15,"FABULOSO All-Purpose Cleaner with Bleach Alternative, Spring Fresh, Bathroom Cleaner, Toilet Cleaner, Floor Cleaner, Shower and Glass Cleaner, Mop Cleanser, 56 Fluid Ounce (Case of 6 Bottles) (153099)",CLEANING_AGENT,Amazon.com,,new,Amazon.com,,$0.00,$16.74,1,Gift Certificate/Card,,,1/16/21,NY,Shipped,$16.74,$1.49,$18.23,FALSE,,FALSE,USD,
,,,,,,,,,,,,,,,,,,,,,,,,
2021-01-16,Law and Literature: Third Edition,ABIS_BOOK,Amazon.com,2009-04-30T00:00:01,used good,ThriftBooks-Portland,,$33.50,$19.95,1,CREDIT_CARD_C,,,1/19/21,TX,Shipped,$19.95,$1.65,$21.60,FALSE,,FALSE,USD,
,,,,,,,,,,,,,,,,,,,,,,,,
2021-01-16,"Pure Enrichment MistAire Studio Ultrasonic Cool Mist Humidifier for Small Rooms - Portable Humidifying Unit Ideal for Office with High and Low Mist Settings, Optional Night Light and Auto Shut-Off",HUMIDIFIER,Amazon.com,,new,SKUniverse,,$39.99,$29.99,1,CREDIT_CARD_C,,,1/18/21,TX,Shipped,$29.99,$2.31,$32.30,FALSE,,FALSE,USD,
,,,,,,,,,,,,,,,,,,,,,,,,
2021-01-17,ChongErfei Waist Trainer Women - Waist Cincher Trimmer - Slimming Body Shaper Belt - Sport Girdle Belt,WAIST_CINCHER,Amazon.com,,new,ChongerFeI,,$0.00,$14.96,1,CREDIT_CARD_D,,,1/19/21,TX,Shipped,$14.96,$1.23,$16.19,FALSE,,FALSE,USD,
,,,,,,,,,,,,,,,,,,,,,,,,
2021-01-19,"Graco Sense2Soothe Baby Swing with Cry Detection Technology, Sailor",SWING,Amazon.com,,new,Amazon.com,,$249.99,$199.99,1,Gift Certificate/Card and CREDIT_CARD_D,,,1/20/21,NY,Shipped,$199.99,$17.75,$217.74,FALSE,,FALSE,USD,
,,,,,,,,,,,,,,,,,,,,,,,,
2021-01-20,"Lumi by Pampers Newborn Diapers, 37 Count, Mega Pack - Compatible with The Lumi Pampers Smart Sleep System (Sold Separately)",INCONTINENCE_PROTECTOR,Amazon.com,,new,Amazon.com,,$13.99,$13.97,1,CREDIT_CARD_C,,,1/21/21,NY,Shipped,$13.97,$0.00,$13.97,,,,USD,
,,,,,,,,,,,,,,,,,,,,,,,,
2021-01-20,"Lumi by Pampers Smart Baby Monitor: HD Video Baby Monitor (with camera and audio), Wifi, Night Vision, Temperature & Humidity Tracking - Compatible with the Lumi Smart Sleep System (Sold Separately)",BIOMETRIC_MONITOR,Amazon.com,,new,Amazon.com,,$229.00,$172.22,1,CREDIT_CARD_C,,,1/21/21,NY,Shipped,$172.22,$10.18,$182.40,FALSE,,FALSE,USD,
,,,,,,,,,,,,,,,,,,,,,,,,
2021-01-20,"Lumi by Pampers Diapers Size 1, 37 Count, Mega Pack - Compatible with The Lumi Pampers Smart Sleep System (Sold Separately)",INCONTINENCE_PROTECTOR,Amazon.com,,new,Amazon.com,,$13.99,$13.97,1,CREDIT_CARD_C,,,1/21/21,NY,Shipped,$13.97,$0.00,$13.97,,,,USD,
,,,,,,,,,,,,,,,,,,,,,,,,
2021-01-20,"Lumi by Pampers Diapers Size 1, 148 Count, Enormous Pack - Compatible with The Lumi Pampers Smart Sleep System (Sold Separately)",INCONTINENCE_PROTECTOR,Amazon.com,,new,Amazon.com,,$40.99,$39.93,1,CREDIT_CARD_C,,,1/21/21,NY,Shipped,$39.93,$0.00,$39.93,,,,USD,
,,,,,,,,,,,,,,,,,,,,,,,,
2021-01-20,"Lumi by Pampers Smart Sleep System: Automatic Sleep Tracking + Expert Sleep Coaching to Improve Your Baby’s Sleep (Compatible with Lumi by Pampers Diapers, Sold Separately)",HEALTH_PERSONAL_CARE,Amazon.com,,new,Amazon.com,,$59.00,$58.85,1,CREDIT_CARD_C,,,1/21/21,NY,Shipped,$58.85,$3.48,$62.33,FALSE,,FALSE,USD,
,,,,,,,,,,,,,,,,,,,,,,,,
2021-01-21,Primary Care: Interprofessional Collaborative Practice,ABIS_BOOK,Amazon.com,2020-02-03T00:00:01,new,Amazon Warehouse,,$163.00,$40.30,1,CREDIT_CARD_C,,,1/21/21,NY,Shipped,$40.30,$3.58,$43.88,FALSE,,FALSE,USD,
,,,,,,,,,,,,,,,,,,,,,,,,
2021-01-23,"Baby Wipes, Pampers Sensitive Water Based Baby Diaper Wipes, Hypoallergenic and Unscented, 8 Refill Packs (Tub Not Included), 72 each, Pack of 8 (Packaging May Vary)",SKIN_CLEANING_WIPE,Amazon.com,,new,Amazon.com,,$19.99,$14.99,1,CREDIT_CARD_D,,,1/26/21,NY,Shipped,$14.99,$1.26,$16.25,FALSE,,FALSE,USD,
,,,,,,,,,,,,,,,,,,,,,,,,
2021-01-24,"HP OfficeJet Pro 8025 All-in-One Wireless Printer, Smart Home Office Productivity, HP Instant Ink, Works with Alexa (1KR57A)",PRINTER,Amazon.com,,new,Amazon.com,,$169.89,$169.89,1,CREDIT_CARD_C,,,1/24/21,NY,Shipped,$169.89,$15.08,$184.97,FALSE,,FALSE,USD,
,,,,,,,,,,,,,,,,,,,,,,,,
2021-01-24,Graco DuetSoothe Swing and Rocker,SWING,Amazon.com,,new,Amazon.com,,$169.99,$152.99,1,CREDIT_CARD_C,,,1/25/21,NY,Shipped,$152.99,$13.58,$166.57,FALSE,,FALSE,USD,
,,,,,,,,,,,,,,,,,,,,,,,,
2021-01-25,"Luka&Lily Baby Monthly Milestone Blanket Boy and Girl, Unisex Month Blanket for Newborn Baby Shower, Baby Boy Milestone Blanket, Baby Growth Chart Monthly Blanket, Includes Markers 60""x40""",BLANKET,Amazon.com,,new,Arteo USA,,$35.00,$24.95,1,CREDIT_CARD_D,,,1/25/21,NY,Shipped,$24.95,$2.21,$27.16,FALSE,,FALSE,USD,
,,,,,,,,,,,,,,,,,,,,,,,,
2021-01-25,"SOLEJAZZ Double Sided Felt Letter Board 12""x12"" with Rustic Wood Frame, 730 Precut White & Gold Letters, Numbers, Symbols, Emojis for Changeable Message Board, Wall & Tabletop Display, Vintage White",SIGNAGE,Amazon.com,,new,RAINBO,,$0.00,$18.99,1,CREDIT_CARD_D,,,1/25/21,NY,Shipped,$18.99,$1.69,$20.68,FALSE,,FALSE,USD,
,,,,,,,,,,,,,,,,,,,,,,,,
2021-01-29,"KIND Bars, Peanut Butter Dark Chocolate, Gluten Free,1.4 Ounce,12 Count",SNACK_FOOD_BAR,Amazon.com,,new,Amazon.com,,$23.88,$12.68,1,CREDIT_CARD_D and Gift Certificate/Card,,,2/24/21,NY,Shipped,$12.68,$0.96,$13.64,FALSE,,FALSE,USD,
,,,,,,,,,,,,,,,,,,,,,,,,
2021-01-29,"Scott 1000 Sheets Per Roll Toilet Paper, 32 Rolls (4 Packs of 8), Bath Tissue",TOILET_PAPER,Amazon.com,,new,Amazon.com,,$27.99,$22.78,1,Gift Certificate/Card and CREDIT_CARD_D,,,2/22/21,NY,Shipped,$22.78,$1.72,$24.50,FALSE,,FALSE,USD,
,,,,,,,,,,,,,,,,,,,,,,,,
2021-01-29,"Bounty Quick-Size Paper Towels, White, 16 Family Rolls = 40 Regular Rolls (Packaging May Vary)",PAPER_TOWEL,Amazon.com,,new,Amazon.com,,$38.84,$38.84,1,CREDIT_CARD_C and Gift Certificate/Card,,,2/24/21,NY,Shipped,$38.84,$2.93,$41.77,FALSE,,FALSE,USD,
,,,,,,,,,,,,,,,,,,,,,,,,
2021-01-30,Dr. Brown's Original Baby Bottle Newborn Feeding Set,BABY_BOTTLE,Amazon.com,,new,Amazon.com,,$24.99,$25.19,1,CREDIT_CARD_D,,,1/31/21,NY,Shipped,$25.19,$2.24,$27.43,FALSE,,FALSE,USD,
,,,,,,,,,,,,,,,,,,,,,,,,
2021-01-30,"Similac Pro-Advance Infant Formula with 2'-FL Human Milk Oligosaccharide (HMO) for Immune Support, Ready to Drink Bottles, 2 Fl Oz (48 Count)",HEALTH_PERSONAL_CARE,Amazon.com,,new,Amazon.com,,$51.99,$51.99,1,CREDIT_CARD_D,,,1/31/21,NY,Shipped,$51.99,$0.00,$51.99,,,,USD,
,,,,,,,,,,,,,,,,,,,,,,,,
2021-01-31,"Palmolive Liquid Dish Soap, Apple Pear - 25 Fl Oz",CLEANING_AGENT,Amazon.com,,new,Amazon.com,,$0.00,$6.70,1,CREDIT_CARD_D,,,2/2/21,NY,Shipped,$6.70,$0.59,$7.29,FALSE,,FALSE,USD,
,,,,,,,,,,,,,,,,,,,,,,,,
2021-01-31,"Aveeno Skin Relief Fragrance-Free Body Wash with Oat to Soothe Dry Itchy Skin, Gentle, Soap-Free & Dye-Free for Sensitive Skin, 33 fl. oz",SKIN_CLEANING_AGENT,Amazon.com,,new,Amazon.com,,$13.39,$9.93,1,CREDIT_CARD_D,,,2/2/21,NY,Shipped,$9.93,$0.88,$10.81,FALSE,,FALSE,USD,
,,,,,,,,,,,,,,,,,,,,,,,,
2021-01-31,Bamboo Organics Best 100% Viscone from Bamboo Baby Washcloths Soft Baby Wipes,TOWEL,Amazon.com,,new,Tranquil Outdoors,,$23.99,$13.47,1,CREDIT_CARD_D,,,2/1/21,NY,Shipped,$13.47,$1.20,$14.67,FALSE,,FALSE,USD,
,,,,,,,,,,,,,,,,,,,,,,,,
2021-01-31,"Burt's Bees Baby - Hooded Towels, Absorbent Knit Terry, Super Soft Single Ply, 100% Organic Cotton (Hello Moon!, 2-Pack)",TOWEL,Amazon.com,,new,Amazon.com,,$24.95,$24.99,1,CREDIT_CARD_D,,,2/3/21,NY,Shipped,$24.99,$2.22,$27.21,FALSE,,FALSE,USD,
,,,,,,,,,,,,,,,,,,,,,,,,
2021-01-31,G128 - American USA US Flag 3x5 ft Embroidered Stars Sewn Stripes Brass Grommets,BANNER,Amazon.com,,new,Smiley Hope International (G128 LLC),,$28.99,$16.95,1,CREDIT_CARD_D,,,2/3/21,NY,Shipped,$16.95,$0.00,$16.95,,,,USD,
,,,,,,,,,,,,,,,,,,,,,,,,
2021-01-31,"Cascade Complete Dishwasher Pods, ActionPacs Dishwasher Detergent Tabs, Fresh Scent",DISHWASHER_DETERGENT,Amazon.com,,new,Amazon.com,,$18.99,$16.97,1,CREDIT_CARD_D,,,2/3/21,NY,Shipped,$16.97,$1.51,$18.48,FALSE,,FALSE,USD,
,,,,,,,,,,,,,,,,,,,,,,,,
2021-01-31,"Prepworks by Progressive Dough Press, Set of 3",PASTA_MAKER,Amazon.com,,new,Amazon.com,,$32.97,$6.54,1,CREDIT_CARD_D,,,2/3/21,NY,Shipped,$6.54,$0.58,$7.12,FALSE,,FALSE,USD,
,,,,,,,,,,,,,,,,,,,,,,,,
2021-02-01,"Align Probiotic Pro Formula, #1 Doctor Recommended Brand, Helps Soothe Occasional Gas, Abdominal Discomfort, Bloating to Support a Healthy Digestive System 24/7, 63 Capsules",NUTRITIONAL_SUPPLEMENT,Amazon.com,,new,Amazon.com,,$46.99,$37.59,1,Gift Certificate/Card and CREDIT_CARD_D,,,2/24/21,NY,Shipped,$37.59,$0.00,$37.59,,,,USD,
,,,,,,,,,,,,,,,,,,,,,,,,
2021-02-01,GUYUCOM 8.5-Inch LCD Writing Tablet Colorful Screen Doodle Board Electronic Digital Drawing Pad with Lock Button for Kids Adults(Pink),BICYCLE,Amazon.com,,new,GUYUCOM DIRECT,,$19.99,$9.98,1,CREDIT_CARD_D,,,2/3/21,NY,Shipped,$9.98,$0.71,$10.69,FALSE,,FALSE,USD,
,,,,,,,,,,,,,,,,,,,,,,,,
2021-02-01,"Bag Nation Diaper Bag Backpack: Large Capacity Unisex Baby Bag with Stroller Straps, Changing Pad and Sundry Bag, Holds All Your Baby’s Essentials (Black)",BACKPACK,Amazon.com,,new,Bag Nation,,$79.95,$39.95,1,CREDIT_CARD_D,,,2/1/21,NY,Shipped,$39.95,$3.01,$42.96,FALSE,,FALSE,USD,
,,,,,,,,,,,,,,,,,,,,,,,,
2021-02-01,"Infantino Carry On Carrier - Ergonomic, Expandable, face-in and face-Out, Front and Back Carry for Newborns and Older Babies 8-40 lbs",BABY_CARRIER,Amazon.com,,new,Amazon.com,,$54.99,$44.59,1,CREDIT_CARD_D,,,2/3/21,NY,Shipped,$44.59,$3.36,$47.95,FALSE,,FALSE,USD,
,,,,,,,,,,,,,,,,,,,,,,,,
2021-02-01,"LEDVANCE 73888 046135738883 SYLVANIA, 60W Equivalent, LED Light Bulb, A19 Lamp, 4 Pack, Soft White, Energy Saving & Longer Life, Medium Base, Efficient 8.5W, 2700K, 4 Count",LIGHT_BULB,Amazon.com,,new,Amazon.com,,$14.99,$7.67,1,CREDIT_CARD_D,,,2/4/21,NY,Shipped,$7.67,$0.68,$8.35,FALSE,,FALSE,USD,
,,,,,,,,,,,,,,,,,,,,,,,,
2021-02-03,"Johnson's Baby Oil, Mineral Oil Enriched With Shea & Cocoa Butter to Prevent Moisture Loss, Hypoallergenic, 20 fl. oz",SKIN_MOISTURIZER,Amazon.com,,new,Amazon.com,,$8.57,$4.68,1,Gift Certificate/Card and CREDIT_CARD_D,,,2/27/21,NY,Shipped,$4.68,$0.35,$5.03,FALSE,,FALSE,USD,
,,,,,,,,,,,,,,,,,,,,,,,,
2021-02-03,"Amazon Brand - Solimo Tall Kitchen Drawstring Trash Bags, 13 Gallon, 200 Count",WASTE_BAG,Amazon.com,,new,Amazon.com,,$18.50,$18.50,1,Gift Certificate/Card and CREDIT_CARD_D,,,2/26/21,NY,Shipped,$18.50,$1.40,$19.90,FALSE,,FALSE,USD,
,,,,,,,,,,,,,,,,,,,,,,,,
2021-02-04,"andily Portable Space Heater, Up to 260 Square Feet, Adjustable Thermostat, Ceramic Heater, Energy Save Technology , Rapid Heating, Overheat Protection and Carrying Handle, 4 Modes 750W/1000W/1500W",SPACE_HEATER,Amazon.com,,new,Baslly Store,,$0.00,$25.99,1,CREDIT_CARD_D and Gift Certificate/Card,,,2/6/21,NY,Shipped,$25.99,$1.95,$27.94,FALSE,,FALSE,USD,
,,,,,,,,,,,,,,,,,,,,,,,,
2021-02-04,"Lifetime Height Adjustable Craft Camping and Utility Folding Table, 4 Foot, 4'/48 x 24, White Granite",TABLE,Amazon.com,,new,Amazon.com,,$49.99,$49.99,1,Gift Certificate/Card and CREDIT_CARD_D,,,2/5/21,NY,Shipped,$49.99,$4.44,$54.43,FALSE,,FALSE,USD,
,,,,,,,,,,,,,,,,,,,,,,,,
2021-02-04,"Baby Nail File Electric Nail Trimmer Manicure Set with Nail Clippers, Toes Fingernails Care Trim Polish Grooming Kit Safe for Infant Toddler Kids or Women, LED Light and 10 Grinding Heads (White/Teal)",HEALTH_PERSONAL_CARE,Amazon.com,,new,Consevisen,,$24.99,$16.99,1,CREDIT_CARD_D and Gift Certificate/Card,,,2/5/21,NY,Shipped,$16.99,$1.51,$18.50,FALSE,,FALSE,USD,
,,,,,,,,,,,,,,,,,,,,,,,,
2021-02-05,"Actume 12 PCS PVC Mesh Zippered Envelope - (5 Colors, 3 Sizes) Plastic Waterproof Zipper Folders for School, Document, Travel, Cosmetics, Receipts",FILE_FOLDER,Amazon.com,,new,Actume,,$0.00,$10.99,1,CREDIT_CARD_D and Gift Certificate/Card,,,2/7/21,NY,Shipped,$10.99,$0.98,$11.97,FALSE,,FALSE,USD,
,,,,,,,,,,,,,,,,,,,,,,,,
2021-02-05,"A4 Plastic Envelopes Poly Envelopes, 10 Pack Clear File Bags Document Folders Organizers in 5 Assorted Colors for Document Stationery Tools,with Hook and Loop Closure Assorted Colors",FILE_FOLDER,Amazon.com,,new,JDSI Official Store,,$0.00,$9.99,1,CREDIT_CARD_D and Gift Certificate/Card,,,2/11/21,NY,Shipped,$9.99,$0.89,$10.88,FALSE,,FALSE,USD,
,,,,,,,,,,,,,,,,,,,,,,,,
2021-02-05,"MAKHISTORY Plastic Folders with Pockets - 8 Pack, Plastic Folders with 3 Holes Punched for 3 Ring Binder, Includes Business Card Slot, Keeps Letter Size Paper, Bright Colors",FILE_FOLDER,Amazon.com,,new,Enjoy Happy Time,,$13.99,$9.99,1,CREDIT_CARD_D and Gift Certificate/Card,,,2/7/21,NY,Shipped,$9.99,$0.89,$10.88,FALSE,,FALSE,USD,
,,,,,,,,,,,,,,,,,,,,,,,,
2021-02-05,"GOGOODA Set of 7 Mesh Laundry Bags for Delicates Machine Wash Bags for Lingerie, Laundry, Hosiery, Blouse, Underwear, Pantyhose, Socks, Shoes",STORAGE_BAG,Amazon.com,,new,amBag---Gogooda_Authorized,,$0.00,$9.34,1,CREDIT_CARD_D and Gift Certificate/Card,,,2/8/21,NY,Shipped,$9.34,$0.83,$10.17,FALSE,,FALSE,USD,
,,,,,,,,,,,,,,,,,,,,,,,,
2021-02-05,"PURELL Advanced Hand Sanitizer Variety Pack, Naturals and Refreshing Gel, 1 Fl Oz Travel Size Flip-Cap Bottle with Jelly Wrap Carrier (Pack of 8) - 3900-09-ECSC",JANITORIAL_SUPPLY,Amazon.com,,new,Amazon.com,,$0.00,$16.64,1,Gift Certificate/Card and CREDIT_CARD_D,,,2/10/21,NY,Shipped,$16.64,$1.48,$18.12,FALSE,,FALSE,USD,
,,,,,,,,,,,,,,,,,,,,,,,,
2021-02-05,"Johnson's Baby Oil, Mineral Oil Enriched With Shea & Cocoa Butter to Prevent Moisture Loss, Hypoallergenic, 20 fl. oz",SKIN_MOISTURIZER,Amazon.com,,new,Amazon.com,,$8.57,$4.68,1,CREDIT_CARD_D and Gift Certificate/Card,,,2/6/21,NY,Shipped,$4.68,$0.42,$5.10,FALSE,,FALSE,USD,
,,,,,,,,,,,,,,,,,,,,,,,,
2021-02-05,"LVEUD Gold Glitter Acrylic Happy Anniversary Birthday Cake Topper for - Wedding,Birthday Party Decoration",CAKE_TOPPER,Amazon.com,,new,LVEUD,,$0.00,$5.99,1,CREDIT_CARD_D and Gift Certificate/Card,,,2/7/21,NY,Shipped,$5.99,$0.53,$6.52,FALSE,,FALSE,USD,
,,,,,,,,,,,,,,,,,,,,,,,,
2021-02-06,Mueller 4 in 1 Swift Julienne Vegetable Peeler - Citrus Fruit Peeler for Orange Lemon Cocktails - Carrot and Potato Peeler with Rotating Serrated Straight and Julienne Stainless Steel Slicer Blades,KITCHEN_KNIFE,Amazon.com,,new,Contempo Home,,$19.99,$9.97,1,Gift Certificate/Card and CREDIT_CARD_D,,,2/9/21,NY,Shipped,$9.97,$0.71,$10.68,FALSE,,FALSE,USD,
,,,,,,,,,,,,,,,,,,,,,,,,
2021-02-06,"Mueller Mandoline Slicer, Premium Quality V-Pro Five Blade Adjustable Vegetable Slicer, Cutter, Shredder, Veggie Slicers for Fruits and Vegetables",FOOD_SLICER,Amazon.com,,new,The Connected Home,,$39.99,$19.97,1,Gift Certificate/Card and CREDIT_CARD_D,,,2/9/21,NY,Shipped,$19.97,$1.77,$21.74,FALSE,,FALSE,USD,
,,,,,,,,,,,,,,,,,,,,,,,,
2021-02-06,"Antimo Caputo Chef's Flour 2.2 LB - Italian Double Zero 00 - Soft Wheat for Pizza Dough, Bread, & Pasta",FLOUR,Amazon.com,,new,SimplyBeautiful,,$8.99,$11.88,1,Gift Certificate/Card and CREDIT_CARD_D,,,2/9/21,NY,Shipped,$11.88,$0.00,$11.88,,,,USD,
,,,,,,,,,,,,,,,,,,,,,,,,
2021-02-06,Happy Anniversary Banner Gold Glitter Wine Glass for Cheers & Beers Theme Decor Wedding Anniversary Bunting Garland Party Decorations Supplies,BANNER,Amazon.com,,new,Whole Sea,,$14.99,$8.99,1,CREDIT_CARD_D,,,2/7/21,NY,Shipped,$8.99,$0.80,$9.79,FALSE,,FALSE,USD,
,,,,,,,,,,,,,,,,,,,,,,,,
2021-02-07,"Organic Baby Bandana Drool Bibs - Bandana Bibs for Boys, Girls by KeaBabies- Super Absorbent Bandana Drool Bibs - Teething Bibs - Organic Cotton Baby Bibs for Infant, Toddler - 8 Pack (Grayscape)",FOOD_BIB,Amazon.com,,new,KeaWorld,ISO 9001,$29.99,$16.96,1,CREDIT_CARD_D,,,2/10/21,NY,Shipped,$16.96,$0.00,$16.96,,,,USD,
,,,,,,,,,,,,,,,,,,,,,,,,
2021-02-07,Reebok Men's Crossfit Epic Cordlock-AMRAP Shorts,SPORTING_GOODS,Amazon.com,,new,ECMC Inc,,$70.00,$48.22,0,CREDIT_CARD_D,,,,NY,,$0.00,$0.00,$0.00,,,,USD,
,,,,,,,,,,,,,,,,,,,,,,,,
2021-02-08,"Similac Slow Flow Nipple and Ring, 10 pack",BABY_PRODUCT,Amazon.com,,new,FormulaONE,,$0.00,$15.96,1,CREDIT_CARD_C,,,2/10/21,NY,Shipped,$15.96,$1.42,$17.38,FALSE,,FALSE,USD,
,,,,,,,,,,,,,,,,,,,,,,,,
2021-02-08,Rubbermaid Cleverstore Clear 95 QT Pack of 4 Stackable Large Storage Containers with Durable Latching Clear Lids,STORAGE_BOX,Amazon.com,,new,Amazon.com,,$179.99,$75.00,1,CREDIT_CARD_C,,,2/9/21,NY,Shipped,$75.00,$6.66,$81.66,FALSE,,FALSE,USD,
,,,,,,,,,,,,,,,,,,,,,,,,
2021-02-08,"Similac Pro-Advance Infant Formula with 2'-FL Human Milk Oligosaccharide (HMO) for Immune Support, Ready to Drink Bottles, 2 Fl Oz (48 Count)",HEALTH_PERSONAL_CARE,Amazon.com,,new,Amazon.com,,$51.99,$51.99,1,CREDIT_CARD_C,,,2/10/21,NY,Shipped,$51.99,$0.00,$51.99,,,,USD,
,,,,,,,,,,,,,,,,,,,,,,,,
2021-02-12,"Graco Jogging Stroller Weather Shield, Baby Rain Cover, Universal Size to fit Most Jogging Strollers, Waterproof, Windproof, Ventilation,Protection, Pram,Vinyl, Clear, Plastic",BABY_PRODUCT,Amazon.com,,new,Baby Headquarters,,$49.99,$24.99,1,CREDIT_CARD_D,,,2/13/21,NY,Shipped,$24.99,$2.22,$27.21,FALSE,,FALSE,USD,
,,,,,,,,,,,,,,,,,,,,,,,,
2021-02-16,Similac Slow Flow Ready to Use Disposable Nipples and Rings Set of 25,BABY_PRODUCT,Amazon.com,,new,MA Health,,$0.00,$29.70,1,CREDIT_CARD_D,,,2/16/21,NY,Shipped,$29.70,$2.64,$32.34,FALSE,,FALSE,USD,
,,,,,,,,,,,,,,,,,,,,,,,,
2021-02-16,"Baby Diapers Newborn/Size 1 (8-14 lb), 198 Count - Pampers Swaddlers, ONE MONTH SUPPLY (Packaging and Prints on Diapers May Vary)",INCONTINENCE_PROTECTOR,Amazon.com,,new,Amazon.com,,$49.99,$49.99,1,CREDIT_CARD_D,,,2/17/21,NY,Shipped,$49.99,$0.00,$49.99,,,,USD,
,,,,,,,,,,,,,,,,,,,,,,,,
2021-02-16,Loveuing Kitchen Oven Gloves - Silicone and Cotton Double-Layer Heat Resistant Oven Mitts/BBQ Gloves/Grill Gloves - Perfect for Baking and Grilling,POT_HOLDER,Amazon.com,,new,LoveU.,,$0.00,$14.40,1,CREDIT_CARD_D,,,2/17/21,NY,Shipped,$14.40,$1.28,$15.68,FALSE,,FALSE,USD,
,,,,,,,,,,,,,,,,,,,,,,,,
2021-02-16,"Syntus 2 Pack Adjustable Bib Apron Waterdrop Resistant with 2 Pockets Cooking Kitchen Aprons for BBQ Drawing, Women Men Chef, White",APRON,Amazon.com,,new,SyntusDirect,,$0.00,$9.99,1,CREDIT_CARD_D,,,2/17/21,NY,Shipped,$9.99,$0.00,$9.99,,,,USD,
,,,,,,,,,,,,,,,,,,,,,,,,
2021-02-19,Carefree Acti-Fresh Body Shape Pantiliners Extra Long Unscented - 93 Count,SANITARY_NAPKIN,Amazon.com,,new,Amazon.com,,$10.00,$5.79,1,CREDIT_CARD_D and Gift Certificate/Card,,,2/20/21,NY,Shipped,$5.79,$0.00,$5.79,,,,USD,
,,,,,,,,,,,,,,,,,,,,,,,,
2021-02-19,"CeraVe Hydrating Facial Cleanser | Moisturizing Non-Foaming Face Wash with Hyaluronic Acid, Ceramides & Glycerin | 16 Fluid Ounce",SKIN_CLEANING_AGENT,Amazon.com,,new,Amazon.com,,$13.99,$14.64,1,CREDIT_CARD_D and Gift Certificate/Card,,,2/24/21,NY,Shipped,$14.64,$1.30,$15.94,FALSE,,FALSE,USD,
,,,,,,,,,,,,,,,,,,,,,,,,
2021-02-20,Hudson Baby Unisex Fleece Trapper Hat and Mitten Set,HAT,Amazon.com,,new,Amazon.com,,$12.99,$13.99,1,CREDIT_CARD_D and Gift Certificate/Card,,,2/22/21,NY,Shipped,$13.99,$0.00,$13.99,,,,USD,
,,,,,,,,,,,,,,,,,,,,,,,,
2021-02-20,"TRUFF Hot Sauce, Gourmet Hot Sauce with Ripe Chili Peppers, Black Truffle Oil, Organic Agave Nectar, Unique Flavor Experience in a Bottle, 6 oz.",SAUCE,Amazon.com,,new,TRUFF Hot Sauce,,$0.00,$17.98,1,CREDIT_CARD_D,,,2/21/21,NY,Shipped,$17.98,$0.00,$17.98,,,,USD,
,,,,,,,,,,,,,,,,,,,,,,,,
2021-02-20,"Iron OUT Automatic Toilet Bowl Cleaner, Repel Rust and Hard Water Stains with Every Flush, Household Toilet Cleaner, Pack of 1, 6 Tablets",CLEANING_AGENT,Amazon.com,,new,Amazon.com,,$27.00,$14.64,1,CREDIT_CARD_D,,,2/21/21,NY,Shipped,$14.64,$1.30,$15.94,FALSE,,FALSE,USD,
,,,,,,,,,,,,,,,,,,,,,,,,
2021-02-20,"Iron OUT Powder Rust Stain Remover, Remove and Prevent Rust Stains in Bathrooms, Kitchens, Appliances, Laundry, and Outdoors, white, 4.75 lbs.",CLEANING_AGENT,Amazon.com,,new,Amazon.com,,$9.99,$12.97,1,CREDIT_CARD_D,,,2/21/21,NY,Shipped,$12.97,$1.15,$14.12,FALSE,,FALSE,USD,
,,,,,,,,,,,,,,,,,,,,,,,,
2021-02-22,"Hidetex Baby Pillow – Anti Flathead Baby Pillow for Your Newborn, Prevent Flat Head & Baby Head Shaping Pillow with Memory Foam(0-12 Months)(Blue)",BODY_POSITIONER,Amazon.com,,new,Hidetex,,$24.99,$19.98,1,CREDIT_CARD_D,,,2/22/21,NY,Shipped,$19.98,$1.77,$21.75,FALSE,,FALSE,USD,
,,,,,,,,,,,,,,,,,,,,,,,,
2021-02-28,"Similac Pro-Advance Infant Formula with 2'-FL Human Milk Oligosaccharide (HMO) for Immune Support, Ready to Drink Bottles, 2 Fl Oz (48 Count)",HEALTH_PERSONAL_CARE,Amazon.com,,new,Amazon.com,,$51.99,$51.99,1,CREDIT_CARD_D,,,3/4/21,NY,Shipped,$51.99,$0.00,$51.99,,,,USD,
,,,,,,,,,,,,,,,,,,,,,,,,
2021-02-28,"Aveeno Baby Calming Comfort Moisturizing Lotion with Relaxing Lavender & Vanilla Scents, Non-Greasy Body Lotion with Natural Oatmeal & Dimethicone, Paraben- & Phthalate-Free, 18 fl. Oz",SKIN_MOISTURIZER,Amazon.com,,new,Amazon.com,,$9.74,$8.79,1,CREDIT_CARD_D,,,3/1/21,NY,Shipped,$8.79,$0.00,$8.79,,,,USD,
,,,,,,,,,,,,,,,,,,,,,,,,
2021-02-28,"Aquaphor Baby Healing Ointment - for Chapped Skin, Diaper Rash and Minor Scratches - 7 Ounce (Pack of 1)",SKIN_MOISTURIZER,Amazon.com,,new,Amazon.com,,$11.99,$7.19,1,CREDIT_CARD_D,,,3/1/21,NY,Shipped,$7.19,$0.00,$7.19,,,,USD,
,,,,,,,,,,,,,,,,,,,,,,,,
2021-02-28,"Baby Diapers Size 2, 186 Count - Pampers Swaddlers, ONE MONTH SUPPLY (Packaging and Prints on Diapers May Vary)",INCONTINENCE_PROTECTOR,Amazon.com,,new,Amazon.com,,$49.99,$49.94,1,CREDIT_CARD_D,,,3/1/21,NY,Shipped,$49.94,$0.00,$49.94,,,,USD,
,,,,,,,,,,,,,,,,,,,,,,,,
2021-02-28,,,Amazon.com,,new,Amazon.com,,$9.52,$9.52,1,Gift Certificate/Card and CREDIT_CARD_D,,,3/1/21,NY,Shipped,$9.52,$0.84,$10.36,FALSE,,FALSE,USD,
,,,,,,,,,,,,,,,,,,,,,,,,
2021-02-28,,,Amazon.com,,new,East Doll,,$0.00,$29.99,1,CREDIT_CARD_D,,,3/1/21,NY,Shipped,$29.99,$1.07,$31.06,FALSE,,FALSE,USD,
,,,,,,,,,,,,,,,,,,,,,,,,
2021-02-28,"PURA D’OR Organic Fractionated Coconut Oil (16oz / 473ml) USDA Certified 100% Pure & Natural MCT Oil Sustainably Sourced Hexane Free Moisturizing Carrier Oil For Face, Skin & Hair (Packaging may vary)",SKIN_MOISTURIZER,Amazon.com,,new,Vida Cora,,$29.99,$14.99,1,CREDIT_CARD_D,,,3/1/21,NY,Shipped,$14.99,$1.33,$16.32,FALSE,,FALSE,USD,
,,,,,,,,,,,,,,,,,,,,,,,,
2021-03-06,"3ply Disposable Face Mask, 50 Count",SAFETY_MASK,Amazon.com,,new,Amazon.com,,$0.00,$7.99,1,CREDIT_CARD_D,,,3/9/21,NY,Shipped,$7.99,$0.71,$8.70,FALSE,,FALSE,USD,
,,,,,,,,,,,,,,,,,,,,,,,,
2021-03-06,"Neutrogena Age Shield Face Lotion Sunscreen with Broad Spectrum SPF 110, Oil-Free & Non-Comedogenic Moisturizing Sunscreen to Prevent Signs of Aging, 3 fl. oz",SUNSCREEN,Amazon.com,,new,Amazon.com,,$12.99,$10.97,1,CREDIT_CARD_D,,,3/8/21,NY,Shipped,$10.97,$0.00,$10.97,,,,USD,
,,,,,,,,,,,,,,,,,,,,,,,,
2021-03-07,Writing Places: Sixteenth-century City Culture and the Des Roches Salon,ABIS_BOOK,Amazon.com,2007-09-01T00:00:01,used verygood,oldsaratogabooks,,$97.00,$20.00,1,CREDIT_CARD_D,,,3/8/21,TX,Shipped,$20.00,$1.65,$21.65,FALSE,,FALSE,USD,
,,,,,,,,,,,,,,,,,,,,,,,,
2021-03-07,"Sorbus Foldable Storage Bag Organizers, 3 Sections, Great for Clothes, Blankets, Closets, Bedrooms, and More, 2-Pack (Aqua)",STORAGE_BAG,Amazon.com,,new,SELL BELOW COST,,$0.00,$13.59,1,CREDIT_CARD_D,,,3/7/21,TX,Shipped,$13.59,$1.12,$14.71,FALSE,,FALSE,USD,
,,,,,,,,,,,,,,,,,,,,,,,,
2021-03-07,Under Armour Men's Tech 2.0 Short-Sleeve T-Shirt,SHIRT,Amazon.com,,new,Amazon.com,,$25.00,$19.99,1,CREDIT_CARD_D,,,3/9/21,NY,Shipped,$19.99,$0.00,$19.99,,,,USD,
,,,,,,,,,,,,,,,,,,,,,,,,
2021-03-07,"Under Armour Men's Tech 2.0 Short-Sleeve T-Shirt , White (100)/Overcast Gray, Large",SHIRT,Amazon.com,,new,Amazon.com,,$25.00,$19.99,1,CREDIT_CARD_D,,,3/8/21,NY,Shipped,$19.99,$0.00,$19.99,,,,USD,
,,,,,,,,,,,,,,,,,,,,,,,,
2021-03-08,KLEENGUARD - 49309 KleenGuard Maverick Safety Eyewear,SAFETY_GLASSES,Amazon.com,,new,Your Austin Store,,$11.15,$8.29,2,CREDIT_CARD_D,,,3/8/21,NY,Shipped,$16.58,$1.48,$18.06,FALSE,,FALSE,USD,
,,,,,,,,,,,,,,,,,,,,,,,,
2021-03-09,"Ohuhu Waist Trimmer, Adjustable Neoprene Ab Trainer Belt for Back Support, Weight Loss, Sweat Enhancer, Body Slimmer, Fits Up to 44 Inches, for Men & Women",WAIST_CINCHER,Amazon.com,,new,Ohuhu Direct,,$15.99,$10.99,1,CREDIT_CARD_D,,,3/9/21,NY,Shipped,$10.99,$0.98,$11.97,FALSE,,FALSE,USD,
,,,,,,,,,,,,,,,,,,,,,,,,
2021-03-11,"Graco DuoGlider, Rascal",SWING,Amazon.com,,new,Amazon.com,,$179.99,$176.07,1,Gift Certificate/Card and CREDIT_CARD_E,,,3/12/21,NY,Shipped,$176.07,$15.63,$191.70,FALSE,,FALSE,USD,
,,,,,,,,,,,,,,,,,,,,,,,,
2021-03-11,"COMFEE' Rice Cooker, Slow Cooker, Steamer, Stewpot, Saute All in One (12 Digital Cooking Programs) Multi Cooker (5.2Qt ) Large Capacity, 24 Hours Preset & Instant Keep Warm",RICE_COOKERS,Amazon.com,,new,Amazon.com,,$59.99,$49.99,1,CREDIT_CARD_E,,,3/12/21,NY,Shipped,$49.99,$4.44,$54.43,FALSE,,FALSE,USD,
,,,,,,,,,,,,,,,,,,,,,,,,
2021-03-11,Sensodyne Fresh Mint Sensitivity Toothpaste for Sensitive Teeth and Fresh Breath 70g (Pack of 1),TOOTH_CLEANING_AGENT,Amazon.com,,new,jp retails usa,,$0.00,$7.00,1,CREDIT_CARD_E,,,3/11/21,NY,Shipped,$7.00,$0.62,$7.62,FALSE,,FALSE,USD,
,,,,,,,,,,,,,,,,,,,,,,,,
2021-03-11,"Listerine Cool Mint Antiseptic Mouthwash to Kill 99% of Germs that Cause Bad Breath, Plaque and Gingivitis, Cool Mint Flavor, 1 L (Pack of 2)",BEAUTY,Amazon.com,,new,Amazon.com,,$10.74,$10.74,1,CREDIT_CARD_E,,,3/12/21,NY,Shipped,$10.74,$0.95,$11.69,FALSE,,FALSE,USD,
,,,,,,,,,,,,,,,,,,,,,,,,
2021-03-17,Blige SMTF Cute Animal Soft Baby Socks Toys Wrist Rattles and Foot Finders for Fun Butterflies and Lady bugs Set 4 pcs,SOCKS,Amazon.com,,new,Sanpimaj,,$15.99,$12.68,1,Gift Certificate/Card and CREDIT_CARD_E,,,3/20/21,NY,Shipped,$12.68,$0.00,$12.68,,,,USD,
,,,,,,,,,,,,,,,,,,,,,,,,
2021-03-17,"Infinno Inflatable Tummy Time Mat Premium Baby Water Play Mat for Infants and Toddlers Baby Toys for 3 to 24 Months, Strengthen Your Baby's Muscles, Portable",BOARD_GAME,Amazon.com,,new,Infinno Direct,,$18.97,$14.97,1,Gift Certificate/Card and CREDIT_CARD_E,,,3/18/21,NY,Shipped,$14.97,$1.20,$16.17,FALSE,,FALSE,USD,
,,,,,,,,,,,,,,,,,,,,,,,,
2021-03-20,"Graco Premium Foam Crib and Toddler Mattress, White – Ships Compressed in Lightweight Box, Ideal Mattress Firmness, Featuring Soft, Water-Resistant, Removable, Hand-Washable Outer Cover",MATTRESS,Amazon.com,,new,Amazon.com,,$99.99,$79.99,1,Gift Certificate/Card and CREDIT_CARD_E,,,3/26/21,NY,Shipped,$79.99,$7.10,$87.09,FALSE,,FALSE,USD,
,,,,,,,,,,,,,,,,,,,,,,,,
2021-03-20,"American Baby Company Waterproof Fitted Crib and Toddler Protective Mattress Pad Cover, White (Pack of 1), for Boys and Girls",BED_LINEN,Amazon.com,,new,Amazon.com,,$25.99,$16.00,1,Gift Certificate/Card and CREDIT_CARD_E,,,3/20/21,NY,Shipped,$16.00,$1.42,$17.42,FALSE,,FALSE,USD,
,,,,,,,,,,,,,,,,,,,,,,,,
2021-03-21,"Munchkin Baby Bottle and Sippy Cup Cleaning Set, Includes Countertop Drying Rack and Bristle Bottle Brush, Grey",DRINKING_CUP,Amazon.com,,new,Amazon.com,,$11.99,$11.99,1,Gift Certificate/Card and CREDIT_CARD_E,,,3/22/21,NY,Shipped,$11.99,$1.06,$13.05,FALSE,,FALSE,USD,
,,,,,,,,,,,,,,,,,,,,,,,,
2021-03-21,"Dr. Brown's Original Nipple, Level 2 (3m+), 6 Count",BABY_PRODUCT,Amazon.com,,new,Amazon.com,,$0.00,$7.88,1,Gift Certificate/Card and CREDIT_CARD_E,,,3/22/21,NY,Shipped,$7.88,$0.70,$8.58,FALSE,,FALSE,USD,
,,,,,,,,,,,,,,,,,,,,,,,,
2021-03-21,"American Baby Company Printed 100% Natural Cotton Jersey Knit Fitted Crib Sheet for Standard Crib & Toddler Mattresses, Navy Whale/Grey Zigzag, for Boys & Girls",FITTED_SHEET,Amazon.com,,new,Amazon.com,,$19.99,$18.06,1,CREDIT_CARD_E,,,3/22/21,NY,Shipped,$18.06,$1.60,$19.66,FALSE,,FALSE,USD,
,,,,,,,,,,,,,,,,,,,,,,,,
2021-03-22,"Bentgo Glass (Purple) – Leak-Proof, 3-Compartment Oven-Safe Glass Lunch Container | Ideal for Portion-Control, Food Storage & Healthy On-the-Go Meals, BPA-Free, Food-Safe Materials",MEAL_HOLDER,Amazon.com,,new,SKUniverse,,$0.00,$19.99,2,CREDIT_CARD_E,,,3/22/21,NY,Shipped,$39.98,$3.54,$43.52,FALSE,,FALSE,USD,
,,,,,,,,,,,,,,,,,,,,,,,,
2021-03-24,"Baby Diapers Size 2, 186 Count - Pampers Swaddlers, ONE MONTH SUPPLY (Packaging and Prints on Diapers May Vary)",INCONTINENCE_PROTECTOR,Amazon.com,,new,Amazon.com,,$49.99,$49.94,1,CREDIT_CARD_E,,,3/26/21,NY,Shipped,$49.94,$0.00,$49.94,,,,USD,
,,,,,,,,,,,,,,,,,,,,,,,,
2021-03-24,"Similac Pro-Advance Infant Formula with 2'-FL Human Milk Oligosaccharide (HMO) for Immune Support, Ready to Drink Bottles, 2 Fl Oz (48 Count)",HEALTH_PERSONAL_CARE,Amazon.com,,new,Amazon.com,,$51.99,$51.99,1,CREDIT_CARD_E,,,3/26/21,NY,Shipped,$51.99,$0.00,$51.99,,,,USD,
,,,,,,,,,,,,,,,,,,,,,,,,
2021-03-24,"Johnson's Baby Oil, Mineral Oil Enriched With Shea & Cocoa Butter to Prevent Moisture Loss, Hypoallergenic, 20 fl. oz",SKIN_MOISTURIZER,Amazon.com,,new,Amazon.com,,$8.57,$4.68,1,Gift Certificate/Card and CREDIT_CARD_E,,,3/26/21,NY,Shipped,$4.68,$0.39,$5.07,FALSE,,FALSE,USD,
,,,,,,,,,,,,,,,,,,,,,,,,
2021-03-30,Gauze Pads Sterile 3'' X 3'' 100/box,WOUND_DRESSING,Amazon.com,,new,Amazon.com,,$7.15,$7.15,1,CREDIT_CARD_E,,,3/31/21,NY,Shipped,$7.15,$0.00,$7.15,,,,USD,
,,,,,,,,,,,,,,,,,,,,,,,,
2021-03-30,"Mini Drone with Camera for Kids Beginners, Foldable Pocket RC Quadcopter with App Gravity Voice Control Trajectory Flight, FPV Video, Altitude Hold, Headless Mode, 360°Flip, Toys Gifts for Boys Girls",UNMANNED_AERIAL_VEHICLE,Amazon.com,,new,Yuyao Electronic,,$0.00,$44.99,1,CREDIT_CARD_E,,,3/31/21,NY,Shipped,$44.99,$3.59,$48.58,FALSE,,FALSE,USD,
,,,,,,,,,,,,,,,,,,,,,,,,
2021-03-30,"Fire 7 tablet (7"" display, 16 GB) - Twilight Blue",AMAZON_TABLET,Amazon.com,,new,Amazon.com,,$49.99,$39.99,1,CREDIT_CARD_E,,,3/31/21,NY,Shipped,$39.99,$3.55,$43.54,FALSE,,FALSE,USD,
,,,,,,,,,,,,,,,,,,,,,,,,
2021-03-30,"Disney Toddler Hat for Boy’s Ages 2-7, Mickey Mouse Kids Baseball Cap",HAT,Amazon.com,,new,Amazon.com,,$12.99,$11.76,1,Gift Certificate/Card,,,3/31/21,NY,Shipped,$11.76,$0.00,$11.76,,,,USD,
,,,,,,,,,,,,,,,,,,,,,,,,
2021-03-30,UOMNY Crib Sheet 100% Cotton Fitted Crib Sheet Baby Sheet for Standard Crib and Toddler mattresses Nursery Bedding Sheet Crib Mattress Sheets for Boys 1 Pack Space Crib Sheets White,FITTED_SHEET,Amazon.com,,new,UOMNY,,$25.99,$13.99,1,Gift Certificate/Card and CREDIT_CARD_E,,,3/31/21,NY,Shipped,$13.99,$1.24,$15.23,FALSE,,FALSE,USD,
,,,,,,,,,,,,,,,,,,,,,,,,
2021-04-02,Elijah's Xtreme Regret Hot Sauce - Carolina Reaper and Trinidad Scorpion - The 2 Hottest Peppers in the World for an Extreme Fiery Heat,SAUCE,Amazon.com,,new,Elijah's Xtreme Gourmet Sauces,,$0.00,$13.98,2,CREDIT_CARD_E and Gift Certificate/Card,,,4/3/21,NY,Shipped,$27.96,$0.00,$27.96,,,,USD,
,,,,,,,,,,,,,,,,,,,,,,,,
2021-04-03,"Neutrogena Age Shield Face Lotion Sunscreen with Broad Spectrum SPF 110, Oil-Free & Non-Comedogenic Moisturizing Sunscreen to Prevent Signs of Aging, 3 fl. oz",SUNSCREEN,Amazon.com,,new,Amazon.com,,$12.99,$10.79,1,CREDIT_CARD_E and Gift Certificate/Card,,,4/4/21,NY,Shipped,$10.79,$0.96,$11.75,FALSE,,FALSE,USD,
,,,,,,,,,,,,,,,,,,,,,,,,
2021-04-03,Enfamil D-Vi-Sol Vitamin D Supplement Drops for Infants 50 mL Dropper Bottle (Packaging May Vary),HEALTH_PERSONAL_CARE,Amazon.com,,new,Amazon.com,,$10.79,$8.68,1,CREDIT_CARD_E,,,4/4/21,NY,Shipped,$8.68,$0.00,$8.68,,,,USD,
,,,,,,,,,,,,,,,,,,,,,,,,
2021-04-03,"Dreft Stage 1: Newborn Hypoallergenic Liquid Baby Laundry Detergent (HE), Natural for Baby, Newborn, or Infant, 32 Loads (Packaging May Vary), 50 Fl Oz (Pack of 2)",LAUNDRY_DETERGENT,Amazon.com,,new,Amazon.com,,$16.25,$20.98,1,CREDIT_CARD_E,,,4/4/21,NY,Shipped,$20.98,$1.86,$22.84,FALSE,,FALSE,USD,
,,,,,,,,,,,,,,,,,,,,,,,,
2021-04-03,"Withings Body+ - Digital Wi-Fi Smart Scale with Automatic Smartphone App Sync, Full Body Composition Including, Body Fat, BMI, Water Percentage, Muscle & Bone Mass, with Pregnancy Tracker & Baby Mode",WEIGH_SCALE,Amazon.com,,new,Amazon.com,,$99.95,$79.00,1,CREDIT_CARD_E,,,4/4/21,NY,Shipped,$79.00,$7.01,$86.01,FALSE,,FALSE,USD,
,,,,,,,,,,,,,,,,,,,,,,,,
2021-04-03,"Palmer's Cocoa Butter Formula Massage Lotion For Stretch Marks, Pregnancy Skin Care, 8.5 Ounces",SKIN_MOISTURIZER,Amazon.com,,new,Amazon.com,,$9.99,$6.47,1,CREDIT_CARD_E,,,4/4/21,NY,Shipped,$6.47,$0.57,$7.04,FALSE,,FALSE,USD,
,,,,,,,,,,,,,,,,,,,,,,,,
2021-04-03,"Baby Wipes, Pampers Sensitive Water Based Baby Diaper Wipes, Hypoallergenic and Unscented, 8 Refill Packs (Tub Not Included), 72 each, Pack of 8 (Packaging May Vary)",SKIN_CLEANING_WIPE,Amazon.com,,new,Amazon.com,,$19.99,$15.35,1,CREDIT_CARD_E,,,4/4/21,NY,Shipped,$15.35,$1.27,$16.62,FALSE,,FALSE,USD,
,,,,,,,,,,,,,,,,,,,,,,,,
2021-04-03,"Bio-Oil Skincare Oil, Body Oil for Scars and Stretchmarks, Serum Hydrates Skin, Non-Greasy, Dermatologist Recommended, Non-Comedogenic, 2 Ounce, for All Skin Types, with Vitamin A, E",SKIN_MOISTURIZER,Amazon.com,,new,Amazon.com,,$11.99,$8.89,1,CREDIT_CARD_E,,,4/4/21,NY,Shipped,$8.89,$0.79,$9.68,FALSE,,FALSE,USD,
,,,,,,,,,,,,,,,,,,,,,,,,
2021-04-04,FOAMING Root Killer | Kills Tree Roots in Pipes & Sewer Lines | Contains No Copper Sulfate … (10 lb Jug),HEALTH_PERSONAL_CARE,Amazon.com,,new,EcoClean Solutions,,$29.99,$19.97,1,CREDIT_CARD_E,,,4/5/21,NY,Shipped,$19.97,$1.77,$21.74,FALSE,,FALSE,USD,
,,,,,,,,,,,,,,,,,,,,,,,,
2021-04-04,"EQUAL 0 Calorie Sweetener, Sugar Substitute, Zero Calorie Sugar Alternative Sweetener Packets, Sugar Alternative, 800 Count",SUGAR_SUBSTITUTE,Amazon.com,,new,Amazon.com,,$25.56,$10.48,1,CREDIT_CARD_E,,,4/5/21,NY,Shipped,$10.48,$0.00,$10.48,,,,USD,
,,,,,,,,,,,,,,,,,,,,,,,,
2021-04-06,"Dapple Baby, Bottle and Dish Soap Dish Liquid Plant Based Hypoallergenic 1 Pump Included Fluid Ounces Packaging May Vary, Fragrance Free, Fragrance Free, 50.7 Fl Oz, (Pack of 3)",CLEANING_AGENT,Amazon.com,,new,Amazon.com,,$19.99,$14.88,1,CREDIT_CARD_E,,,4/7/21,NY,Shipped,$14.88,$1.32,$16.20,FALSE,,FALSE,USD,
,,,,,,,,,,,,,,,,,,,,,,,,
2021-04-06,"Similac Pro-Advance Infant Formula with 2'-FL Human Milk Oligosaccharide (HMO) for Immune Support, Ready to Drink Bottles, 2 Fl Oz (48 Count)",HEALTH_PERSONAL_CARE,Amazon.com,,new,Amazon.com,,$51.99,$51.46,1,CREDIT_CARD_E,,,4/7/21,NY,Shipped,$51.46,$0.00,$51.46,,,,USD,
,,,,,,,,,,,,,,,,,,,,,,,,
2021-04-06,"Dr. Brown's Bottle Brush, Blue",CLEANING_BRUSH,Amazon.com,,new,Amazon.com,,$4.99,$4.00,1,CREDIT_CARD_E,,,4/7/21,NY,Shipped,$4.00,$0.36,$4.36,FALSE,,FALSE,USD,
,,,,,,,,,,,,,,,,,,,,,,,,
2021-04-08,Invisible Women: Data Bias in a World Designed for Men,ABIS_BOOK,Amazon.com,2021-03-02T00:00:01,new,Amazon.com,,$17.00,$14.99,1,CREDIT_CARD_E and Gift Certificate/Card,,,4/8/21,NY,Shipped,$14.99,$1.33,$16.32,FALSE,,FALSE,USD,
,,,,,,,,,,,,,,,,,,,,,,,,
2021-04-08,Space and Place: The Perspective of Experience,ABIS_BOOK,Amazon.com,1979-03-02T00:00:01,used good,textbooks_source,,$20.00,$18.99,1,CREDIT_CARD_E and Gift Certificate/Card,,,4/8/21,NY,Shipped,$18.99,$1.69,$20.68,FALSE,,FALSE,USD,
,,,,,,,,,,,,,,,,,,,,,,,,
2021-04-08,Precarious Life: The Powers of Mourning and Violence,ABIS_BOOK,Amazon.com,2020-10-13T00:00:01,new,SuperBookDeals---,,$17.95,$11.34,1,Gift Certificate/Card and CREDIT_CARD_E,,,4/8/21,NY,Shipped,$11.34,$1.01,$12.35,FALSE,,FALSE,USD,
,,,,,,,,,,,,,,,,,,,,,,,,
2021-04-08,"Premium Intimate Skin Lightening Cream - Whitening Cream for Face. Skin Lightening Cream for Dark Spots, Blemishes. Natural Hands Body Moisturizer for Women Men 4 OZ.",SKIN_MOISTURIZER,Amazon.com,,new,Barnstable Beauty,,$0.00,$19.98,1,CREDIT_CARD_E,,,4/8/21,NY,Shipped,$19.98,$1.60,$21.58,FALSE,,FALSE,USD,
,,,,,,,,,,,,,,,,,,,,,,,,
2021-04-09,Logitech BRIO UHD 4K Webcam: (960-001105) with RightLight 3 and HDR Technology + AOM Bundle Kit,CAMCORDER,Amazon.com,,new,Abe's Electronics Center,,$0.00,$199.96,1,CREDIT_CARD_E,,,4/10/21,NY,Shipped,$199.96,$17.75,$217.71,FALSE,,FALSE,USD,
,,,,,,,,,,,,,,,,,,,,,,,,
2021-04-11,"Similac Pro-Advance Infant Formula with 2'-FL Human Milk Oligosaccharide (HMO) for Immune Support, Ready to Drink Bottles, 2 Fl Oz (48 Count)",HEALTH_PERSONAL_CARE,Amazon.com,,new,Amazon.com,,$51.99,$49.52,1,CREDIT_CARD_E,,,4/12/21,NY,Shipped,$49.52,$0.00,$49.52,,,,USD,
,,,,,,,,,,,,,,,,,,,,,,,,
2021-04-12,Difficult Women,ABIS_BOOK,Amazon.com,2017-11-14T00:00:01,used acceptable,"Goodwill Retail Services, Inc.",,$16.00,$1.82,1,CREDIT_CARD_E,,,4/13/21,NY,Shipped,$1.82,$0.16,$1.98,FALSE,,FALSE,USD,
,,,,,,,,,,,,,,,,,,,,,,,,
2021-04-12,Orientalism,ABIS_BOOK,Amazon.com,1979-10-12T00:00:01,used acceptable,New Legacy Books,,$17.00,$5.80,1,CREDIT_CARD_E,,,4/14/21,NY,Shipped,$5.80,$0.51,$6.31,FALSE,,FALSE,USD,
,,,,,,,,,,,,,,,,,,,,,,,,
2021-04-13,"Downy Ultra Plus Liquid Laundry Fabric Softener, April Fresh Scent, 152 Total Loads (Pack of 2)",HEALTH_PERSONAL_CARE,Amazon.com,,new,Amazon.com,,$12.99,$12.99,1,CREDIT_CARD_E,,,4/14/21,NY,Shipped,$12.99,$0.98,$13.97,FALSE,,FALSE,USD,
,,,,,,,,,,,,,,,,,,,,,,,,
2021-04-13,"Tide Liquid Laundry Detergent Soap Eco-Box, Ultra Concentrated High Efficiency (HE), Original Scent, 96 Loads",LAUNDRY_DETERGENT,Amazon.com,,new,Amazon.com,,$21.99,$17.94,1,CREDIT_CARD_E,,,4/14/21,NY,Shipped,$17.94,$1.33,$19.27,FALSE,,FALSE,USD,
,,,,,,,,,,,,,,,,,,,,,,,,
2021-04-15,"Align Probiotic Pro Formula, #1 Doctor Recommended Brand, Helps Soothe Occasional Gas, Abdominal Discomfort, Bloating to Support a Healthy Digestive System 24/7, 63 Capsules",NUTRITIONAL_SUPPLEMENT,Amazon.com,,new,Amazon.com,,$46.99,$57.99,1,CREDIT_CARD_E and Gift Certificate/Card,,,,NY,,$57.99,$0.00,$57.99,FALSE,,FALSE,USD,
,,,,,,,,,,,,,,,,,,,,,,,,
2021-04-15,Invisible Women: Data Bias in a World Designed for Men,ABIS_BOOK,Amazon.com,2021-03-02T00:00:01,new,Amazon.com,,$17.00,$14.99,1,CREDIT_CARD_E,,,4/17/21,TX,Shipped,$14.99,$1.24,$16.23,FALSE,,FALSE,USD,
,,,,,,,,,,,,,,,,,,,,,,,,
2021-04-16,BreathableBaby Classic Breathable Mesh Crib Liner – White and Light Blue Seersucker Trim,BABY_PRODUCT,Amazon.com,,new,A Natural Lifestyle,,$34.99,$34.99,1,CREDIT_CARD_E,,,4/17/21,NY,Shipped,$34.99,$3.11,$38.10,FALSE,,FALSE,USD,
,,,,,,,,,,,,,,,,,,,,,,,,
2021-04-17,"Infantino Prop-A-Pillar Tummy Time & Seated Support - Pillow Support for Newborn and Older Babies, with Detachable Support Pillow and Toys, for Development of Strong Head and Neck Muscles",BABY_PRODUCT,Amazon.com,,new,Amazon.com,,$29.99,$29.99,1,CREDIT_CARD_E,,,4/18/21,NY,Shipped,$29.99,$2.66,$32.65,FALSE,,FALSE,USD,
,,,,,,,,,,,,,,,,,,,,,,,,
2021-04-18,"Dr. Brown's Original Bottle, 8 Ounce, 4-Pack",BABY_BOTTLE,Amazon.com,,new,Amazon.com,,$19.99,$21.98,1,CREDIT_CARD_E,,,4/19/21,NY,Shipped,$21.98,$1.95,$23.93,FALSE,,FALSE,USD,
,,,,,,,,,,,,,,,,,,,,,,,,
2021-04-18,"Similac Pro-Advance Infant Formula with 2'-FL Human Milk Oligosaccharide (HMO) for Immune Support, Ready to Drink Bottles, 2 Fl Oz (48 Count)",HEALTH_PERSONAL_CARE,Amazon.com,,new,Amazon.com,,$51.99,$48.63,1,CREDIT_CARD_E,,,4/19/21,NY,Shipped,$48.63,$0.00,$48.63,,,,USD,
,,,,,,,,,,,,,,,,,,,,,,,,
2021-04-18,Disney Nemo Inflatable Safety Bathtub,BABY_PRODUCT,Amazon.com,,new,Amazon.com,,$19.99,$15.84,1,CREDIT_CARD_E,,,4/19/21,NY,Shipped,$15.84,$1.41,$17.25,FALSE,,FALSE,USD,
,,,,,,,,,,,,,,,,,,,,,,,,
2021-04-18,Baby Shower Cap | Baby Bath Head Cap Visor for Washing Hair - USA Pediatricians Recommended Shower Protection [11 MONTHS OLD+ RECOMMENDED] (Sky Blue),APRON,Amazon.com,,new,Walnut Tree Trade,,$12.99,$7.99,1,CREDIT_CARD_E,,,4/19/21,NY,Shipped,$7.99,$0.71,$8.70,FALSE,,FALSE,USD,
,,,,,,,,,,,,,,,,,,,,,,,,
2021-04-19,"Summer Gentle Support Multi-Stage Tub - For Ages 0-24 Months - Includes Soft Support, Two Bath Toys, A Hook for Storage and Dying, and a Drain Plug",BABY_PRODUCT,Amazon.com,,new,Amazon.com,,$49.99,$39.99,1,CREDIT_CARD_E,,,4/21/21,NY,Shipped,$39.99,$3.55,$43.54,FALSE,,FALSE,USD,
,,,,,,,,,,,,,,,,,,,,,,,,
2021-04-20,Tactics of Hope: The Public Turn in English Composition,ABIS_BOOK,Amazon.com,2005-02-25T00:00:01,used good,ThriftBooks-Portland,,$33.00,$14.97,1,CREDIT_CARD_E,,,4/21/21,NY,Shipped,$14.97,$1.33,$16.30,FALSE,,FALSE,USD,
,,,,,,,,,,,,,,,,,,,,,,,,
2021-04-21,"Dinosaur Toys for 3 Year Old Boys, Pull Back Dinosaur Toys for 5 Year Old Boy 6 Pack Set Car Toys for 4 Year Old Boys Christmas Birthday Gifts for Kids 2 3 4 5 6 Year Old Boys Girls",NON_RIDING_TOY_VEHICLE,Amazon.com,,new,Palotix,,$0.00,$13.99,1,CREDIT_CARD_E,,,4/21/21,NY,Shipped,$13.99,$1.24,$15.23,FALSE,,FALSE,USD,
,,,,,,,,,,,,,,,,,,,,,,,,
2021-04-21,"HONGID Dinosaur Toys for 3-8 Year Old Boys,Dino Projection Kids Toys for 3-8 Year Olds Boys 2 in 1 Car Toys for 2-10 Year Olds Boys,Chirstmas Xmax Birthday Gifts for 2-10 Year Olds Kids Toddler Toys",HOME,Amazon.com,,new,ToyKidsDirect,,$36.99,$26.99,1,CREDIT_CARD_E,,,4/21/21,NY,Shipped,$26.99,$2.40,$29.39,FALSE,,FALSE,USD,
,,,,,,,,,,,,,,,,,,,,,,,,
2021-04-21,"Encore Plastics 01605 Promotional Pail, 5 Quart, Silver",BUCKET,Amazon.com,,new,Amazon.com,,$2.29,$3.08,1,CREDIT_CARD_E,,,4/22/21,NY,Shipped,$3.08,$0.27,$3.35,FALSE,,FALSE,USD,
,,,,,,,,,,,,,,,,,,,,,,,,
2021-04-22,"Johnson's Baby Oil, Mineral Oil Enriched With Shea & Cocoa Butter to Prevent Moisture Loss, Hypoallergenic, 20 fl. oz",SKIN_MOISTURIZER,Amazon.com,,new,Amazon.com,,$5.32,$4.68,1,CREDIT_CARD_E and Gift Certificate/Card,,,,NY,,$4.68,$0.39,$5.07,FALSE,,FALSE,USD,
,,,,,,,,,,,,,,,,,,,,,,,,
2021-04-23,"Diapers Size 2, 186 Count - Pampers Swaddlers Disposable Baby Diapers, ONE MONTH SUPPLY (Packaging May Vary)",INCONTINENCE_PROTECTOR,Amazon.com,,new,Amazon.com,,$49.99,$50.26,1,CREDIT_CARD_E,,,4/23/21,NY,Shipping soon,$50.26,$0.00,$50.26,FALSE,,FALSE,USD,
,,,,,,,,,,,,,,,,,,,,,,,,
2021-04-23,"Similac Pro-Advance Infant Formula with 2'-FL Human Milk Oligosaccharide (HMO) for Immune Support, Ready to Drink Bottles, 2 Fl Oz (48 Count)",HEALTH_PERSONAL_CARE,Amazon.com,,new,Amazon.com,,$51.99,$49.00,1,CREDIT_CARD_E,,,4/24/21,NY,Shipped,$49.00,$0.00,$49.00,,,,USD,
,,,,,,,,,,,,,,,,,,,,,,,,
2021-04-23,"Scott 1000 Sheets Per Roll Toilet Paper, 32 Rolls (4 Packs of 8), Bath Tissue",TOILET_PAPER,Amazon.com,,new,Amazon.com,,$27.99,$22.78,1,CREDIT_CARD_E and Gift Certificate/Card,,,4/23/21,NY,Shipped,$22.78,$1.92,$24.70,FALSE,,FALSE,USD,
,,,,,,,,,,,,,,,,,,,,,,,,
2021-04-23,"Scott 1000 Sheets Per Roll Toilet Paper, 32 Rolls (4 Packs of 8), Bath Tissue",TOILET_PAPER,Amazon.com,,new,Amazon.com,,$27.99,$22.78,1,CREDIT_CARD_E,,,,NY,,$22.78,$1.72,$24.50,FALSE,,FALSE,USD,
,,,,,,,,,,,,,,,,,,,,,,,,
2021-04-23,Rhetorical Spaces: Essays on Gendered Locations,ABIS_BOOK,Amazon.com,1995-05-23T00:00:01,used acceptable,booksgalorellc,,$54.95,$8.49,1,CREDIT_CARD_E,,,4/23/21,NY,Shipping soon,$8.49,$0.75,$9.24,FALSE,,FALSE,USD,